S_NUMBER,BP_NUMBER,MODEL,E_TYPE,NAME,STATUS,DOMAIN,PROVIDER,IP,MAC_ADDRESS,MONITOR_TYPE,DETAIL1,DETAIL2,DETAIL3
11200491,BP00080NULL,PPC-5150AA,PANEL,7WK064-175AR,ACTIVE,MerloTyres,PIRELLI,,,NAME,ARMADO,A70F-6,CF 1
1HYVZB3,BP00044NULL,D15S,DESKTOPS,WKS064-325AR,ACTIVE,MerloTyres,PIRELLI,,,NAME,ARMADO,A70-31,CF 1
1J5WZB3,BP00042NULL,3080,DESKTOPS,WKS064-322AR,ACTIVE,MerloTyres,PIRELLI,,,NAME,ARMADO,A70-23,CF 1
1J6YZB3,BP00058NULL,3080,DESKTOPS,WKS064-333AR,ACTIVE,MerloTyres,PIRELLI,,,NAME,ARMADO,3L8AT-06,CF 2
23T5N31,9E+11,5400,NOTEBOOKS,,ACTIVE,MerloTyres,PIRELLI,10.131.138.28,80:32:53:2D:85:98,IP,GAYTAN FLORENCIA,,
29J09190003,BP00205NULL,ZEBRA GK420t,IMPRESORA,GK420T-CALM,ACTIVE,MerloTyres,PIRELLI,,,NAME,SEMIELABORADOS,GK420T-CALM,
29J09190055,BP00191NULL,ZEBRA GK420t,IMPRESORA,GK420T-APEX07,ACTIVE,MerloTyres,PIRELLI,,,NAME,TALONES,GK420T-APEX07,IMPRESORA
29J09190080,BP00206NULL,ZEBRA GK420t,IMPRESORA,GK420T-D70-3F,BACKUP,MerloTyres,PIRELLI,,,NAME,CONTROL FINAL,GK420T-D70-3F,
29J09350108,P900841,ZEBRA GK420t,IMPRESORA,GK420T-SIST,BACKUP,MerloTyres,PIRELLI,,,NAME,OFICINA SISTEMAS,GK420T-SIST,IMPRESORA
29J09400415,BP00211NULL,ZEBRA GK420t,IMPRESORA,GK420T-AKRO-2F,BACKUP,MerloTyres,PIRELLI,,,NAME,CONTROL FINAL,GK420T-AKRO-2F,
29J10310665,BP00209NULL,ZEBRA GK420t,IMPRESORA,GK420T-RECONTROL,BACKUP,MerloTyres,PIRELLI,,,NAME,CONTROL FINAL,GK420T-RECONTROL,
29J120100485,N15,ZEBRA GK420t,IMPRESORA,GK420T,BACKUP,MerloTyres,PIRELLI,,,NAME,OFICINA SISTEMAS,GK420T-N15,IMPRESORA
29J120100497,P901582,ZEBRA GK420t,IMPRESORA,GK420T-ASTEC-2,BACKUP,MerloTyres,PIRELLI,,,NAME,CONTROL FINAL,GK420T-ASTEC-2,
29J120300193,P901581,ZEBRA GK420t,IMPRESORA,GK420T-D70-4F,BACKUP,MerloTyres,PIRELLI,,,NAME,CONTROL FINAL,GK420T-D70-4F,
29J143901138,P901629,ZEBRA GK420t,IMPRESORA,GK420T-TRIPLEX,ACTIVE,MerloTyres,PIRELLI,,,NAME,SEMIELABORADOS,GK420T-TRIPLEX,IMPRESORA
29J143901154,P901616,ZEBRA GK420t,IMPRESORA,GK420T-LAN01,ACTIVE,MerloTyres,PIRELLI,,,NAME,TALONES,GK420T-LAN01,IMPRESORA
29J143901161,P901615,ZEBRA GK420t,IMPRESORA,GK420T-LAN02,ACTIVE,MerloTyres,PIRELLI,,,NAME,TALONES,GK420T-LAN02,IMPRESORA
29J143901165,P901627,ZEBRA GK420t,IMPRESORA,GK420T-D70-1F,BACKUP,MerloTyres,PIRELLI,,,NAME,CONTROL FINAL,GK420T-D70-1F,
29J143901183,P901628,ZEBRA GK420t,IMPRESORA,GK420T-SIST,BACKUP,MerloTyres,PIRELLI,,,NAME,OFICINA SISTEMAS,GK420T-SIST,IMPRESORA
29J143901185,P901630,ZEBRA GK420t,IMPRESORA,GK420T-AKRO-4F,BACKUP,MerloTyres,PIRELLI,,,NAME,CONTROL FINAL,GK420T-AKRO-4F,
29J143901192,P901625,ZEBRA GK420t,IMPRESORA,GK420T-AKRO-3F,BACKUP,MerloTyres,PIRELLI,,,NAME,CONTROL FINAL,GK420T-AKRO-3F,
29J143901198,P901621,ZEBRA GK420t,IMPRESORA,GK420T-APEX10,ACTIVE,MerloTyres,PIRELLI,,,NAME,TALONES,GK420T-APEX10,IMPRESORA
29J144000781,P901633,ZEBRA GK420t,IMPRESORA,GK420T-LAN03,ACTIVE,MerloTyres,PIRELLI,,,NAME,TALONES,GK420T-LAN03,IMPRESORA
29J150400662,P901620,ZEBRA GK420t,IMPRESORA,GK420T-LISTINO,ACTIVE,MerloTyres,PIRELLI,,,NAME,SEMIELABORADOS,GK420T-LISTINO,
29J150400680,P901635,ZEBRA GK420t,IMPRESORA,GK420T-ASTEC-1F,BACKUP,MerloTyres,PIRELLI,,,NAME,CONTROL FINAL,GK420T-ASTEC-1F,
29J174302495,BP00201NULL,ZEBRA GK420t,IMPRESORA,GK420T-TTM2,ACTIVE,MerloTyres,PIRELLI,,,NAME,SEMIELABORADOS,GK420T-TTM2,
29J174302497,BP00207NULL,ZEBRA GK420t,IMPRESORA,GK420T-JAULA,ACTIVE,MerloTyres,PIRELLI,,,NAME,CONTROL FINAL,GK420T-JAULA,
29J174302518,BP00203NULL,ZEBRA GK420t,IMPRESORA,GK420T-TTM4,ACTIVE,MerloTyres,PIRELLI,,,NAME,SEMIELABORADOS,GK420T-TTM4,
29J174302524,BP00190NULL,ZEBRA GK420t,IMPRESORA,GK420T-APEX08,ACTIVE,MerloTyres,PIRELLI,,,NAME,TALONES,GK420T-APEX08,IMPRESORA
29J174302531,BP00197NULL,ZEBRA GK420t,IMPRESORA,GK420T-TPCS,ACTIVE,MerloTyres,PIRELLI,,,NAME,SEMIELABORADOS,GK420T-TPCS,IMPRESORA
29J174603050,BP00213NULL,ZEBRA GK420t,IMPRESORA,GK420T-AKRO-1F,BACKUP,MerloTyres,PIRELLI,,,NAME,CONTROL FINAL,GK420T-AKRO-1F,
29J174603056,BP00192NULL,ZEBRA GK420t,IMPRESORA,GK420T-APEX06,ACTIVE,MerloTyres,PIRELLI,,,NAME,TALONES,GK420T-APEX06,IMPRESORA
29J180501591,BP00210NULL,ZEBRA GK420t,IMPRESORA,GK420T-AKRO-2,ACTIVE,MerloTyres,PIRELLI,,,NAME,CONTROL FINAL,GK420T-AKRO-2,
29J180501632,BP00189NULL,ZEBRA GK420t,IMPRESORA,GK420T-APEX11,ACTIVE,MerloTyres,PIRELLI,,,NAME,TALONES,GK420T-APEX11,IMPRESORA
29J180501641,BP00212NULL,ZEBRA GK420t,IMPRESORA,GK420T-AKRO-1,ACTIVE,MerloTyres,PIRELLI,,,NAME,CONTROL FINAL,GK420T-AKRO-1,
29J182403372,BP00186NULL,ZEBRA GK420t,IMPRESORA,GK420T-KAMPF2,ACTIVE,MerloTyres,PIRELLI,,,NAME,SEMIELABORADOS,GK420T-KAMPF2,IMPRESORA
29J182403396,BP00187NULL,ZEBRA GK420t,IMPRESORA,GK420T-APEX14,ACTIVE,MerloTyres,PIRELLI,,,NAME,TALONES,GK420T-APEX14,IMPRESORA
29J182403405,BP00193NULL,ZEBRA GK420t,IMPRESORA,GK420T-TAP6,ACTIVE,MerloTyres,PIRELLI,,,NAME,TALONES,GK420T-TAP6,IMPRESORA
29J182403427,BP00188NULL,ZEBRA GK420t,IMPRESORA,GK420T-APEX12,ACTIVE,MerloTyres,PIRELLI,,,NAME,TALONES,GK420T-APEX12,IMPRESORA
29J182802136,BP00204NULL,ZEBRA GK420t,IMPRESORA,GK420T-RECUPERADO,ACTIVE,MerloTyres,PIRELLI,,,NAME,SEMIELABORADOS,GK420T-RECUPERADO,
29J190401367,BP00208NULL,ZEBRA GK420t,IMPRESORA,GK420T-DESPACHO,BACKUP,MerloTyres,PIRELLI,,,NAME,CONTROL FINAL,GK420T-DESPACHO,
29J192101807,BP00202NULL,ZEBRA GK420t,IMPRESORA,GK420T-TTM3,ACTIVE,MerloTyres,PIRELLI,,,NAME,SEMIELABORADOS,GK420T-TTM3,
29J192202400,BP00185NULL,ZEBRA GK420t,IMPRESORA,GK420T-KAMPF1,ACTIVE,MerloTyres,PIRELLI,,,NAME,SEMIELABORADOS,GK420T-KAMPF1,IMPRESORA
3CQ1090F7Y,BP00117NULL,HP v194,MONITOR,HP-TR20-1,ACTIVE,MerloTyres,PIRELLI,,,NAME,ARMADO MONITOR,MONITOR TR20-1,CF 2
3H8JN32,P901725,E7450,NOTEBOOKS,WKS064-60AR,ACTIVE,MerloTyres,,,34-E6-D7-5A-F4-5A,NAME,GALIANO MARTIN,,
3M997P2,BP00147NULL,D13S,DESKTOPS,WKS064-3AR,ACTIVE,MerloTyres,PIRELLI,,,NAME,CONTROL FINAL,AKRODINE 2,
3YF77P2,BP00026NULL,3080,DESKTOPS,WKS064-21AR,ACTIVE,MerloTyres,PIRELLI,10.131.142.79,,IP,ARMADO MOTO,VISIVO MOTO,
3Z397P2,BP00091NULL,3080,DESKTOPS,WKS064-22AR,ACTIVE,MerloTyres,PIRELLI,,,NAME,ARMADO MOTO,CM20-2,
42789T2,9E+11,3080,DESKTOPS,WKS064-103AR,ACTIVE,MerloTyres,PIRELLI,,,NAME,CONTROL VISIVO,SERVIDOR,CV
42HVC3,BP00053NULL,D15S,DESKTOPS,WKS064-308AR,ACTIVE,MerloTyres,PIRELLI,,,NAME,ARMADO,TR20-1,CF 2
42JWZC3,BP00047NULL,D15S,DESKTOPS,WKS064-299AR,ACTIVE,MerloTyres,PIRELLI,,,NAME,ARMADO,3L8C-04,CF 2
42LYZC3,BP00016NULL,D15S,DESKTOPS,WKS064-270AR,BACKUP,MerloTyres,PIRELLI,,,NAME,ARMADO,A70-25,CF 1
42MQZC3,BP00048NULL,3080,DESKTOPS,WKS064-278AR,ACTIVE,MerloTyres,PIRELLI,,,NAME,ARMADO,3L8C-01,CF 2
42MVZC3,BP00093NULL,D15S,DESKTOPS,WKS064-310AR,ACTIVE,MerloTyres,PIRELLI,,,NAME,ARMADO MOTO,CM20-3,
42NQZC3,BP00055NULL,3080,DESKTOPS,WKS064-287AR,ACTIVE,MerloTyres,PIRELLI,,,NAME,ARMADO,3L8AT-02,CF 2
42QVZC3,BP00033NULL,3080,DESKTOPS,WKS064-292AR,ACTIVE,MerloTyres,PIRELLI,,,NAME,ARMADO,TR20 FLEXI 2,CF 2
42RSZC3,BP00051NULL,3080,DESKTOPS,WKS064-295AR,ACTIVE,MerloTyres,PIRELLI,,,NAME,ARMADO,3L8C-11,CF 2
42RTZC3,BP00057NULL,3080,DESKTOPS,WKS064-294AR,ACTIVE,MerloTyres,PIRELLI,,,NAME,ARMADO,3L8AT-04,CF 2
42RWZC3,BP00043NULL,3080,DESKTOPS,WKS064-323AR,ACTIVE,MerloTyres,PIRELLI,,,NAME,ARMADO,A70-16,CF 1
42SVZC3,BP00019NULL,3080,DESKTOPS,WKS064-273AR,ACTIVE,MerloTyres,PIRELLI,,,NAME,ARMADO,A70-32,CF 1
42SXZC3,BP00023NULL,D15S,DESKTOPS,WKS064-281AR,ACTIVE,MerloTyres,PIRELLI,,,NAME,ARMADO,AF480-2,
42TRZC3,BP00024NULL,D15S,DESKTOPS,WKS064-290AR,ACTIVE,MerloTyres,PIRELLI,,,NAME,ARMADO,TR20 FLEXI 6,CF 2
42TSZC3,BP00015NULL,D15S,DESKTOPS,WKS064-269AR,ACTIVE,MerloTyres,PIRELLI,,,NAME,ARMADO,FS650-1,CF 2
42TTZC3,BP00045NULL,3080,DESKTOPS,WKS064-284AR,ACTIVE,MerloTyres,PIRELLI,,,NAME,ARMADO,3L8C-02,
42TWZC3,BP00027NULL,3080,DESKTOPS,WKS064-291AR,ACTIVE,MerloTyres,PIRELLI,,,NAME,ARMADO,FS480-1,
42VPZC3,BP00018NULL,3080,DESKTOPS,WKS064-272AR,ACTIVE,MerloTyres,PIRELLI,,,NAME,ARMADO,TR20 FLEXI 5,CF 2
42VRZC3,9E+11,3080,DESKTOPS,WKS064-279AR,ACTIVE,MerloTyres,PIRELLI,,,NAME,TALONES,APEXS 12,
42WPZC3,BP00017NULL,3080,DESKTOPS,WKS064-271AR,ACTIVE,MerloTyres,PIRELLI,,,NAME,ARMADO,3L8C-06,CF 2
42WRZC3,9E+11,D15S,DESKTOPS,WKS064-283AR,ACTIVE,MerloTyres,PIRELLI,,,NAME,ARMADO,TR10-2,CF 2
42WSZC3,BP00038NULL,3080,DESKTOPS,WKS064-304AR,BACKUP,MerloTyres,PIRELLI,,,NAME,ARMADO,AF690-4,CF 1
42WXZC3,BP00031NULL,3080,DESKTOPS,WKS064-307AR,ACTIVE,MerloTyres,PIRELLI,,,NAME,ARMADO,3L8C-07,CF 2
42XNZC3,BP00020NULL,3080,DESKTOPS,WKS064-274AR,ACTIVE,MerloTyres,PIRELLI,,,NAME,SEMIELABORADOS,LINER TRIMIX,
42XPZC3,BP00028NULL,3080,DESKTOPS,WKS064-298AR,ACTIVE,MerloTyres,PIRELLI,,,NAME,ARMADO,AF690-1,CF 1
42XQZC3,BP00049NULL,3080,DESKTOPS,WKS064-297AR,ACTIVE,MerloTyres,PIRELLI,,,NAME,ARMADO,3L8C-10,CF 2
42XRZC3,BP00054NULL,3080,DESKTOPS,WKS064-300AR,ACTIVE,MerloTyres,PIRELLI,,,NAME,ARMADO,3L8AT-01,CF 2
42XSZC3,BP00056NULL,3080,DESKTOPS,WKS064-286AR,ACTIVE,MerloTyres,PIRELLI,,,NAME,ARMADO,3L8AT-03,CF 2
42XTZC3,BP00039NULL,3080,DESKTOPS,WKS064-296AR,ACTIVE,MerloTyres,PIRELLI,,,NAME,ARMADO,A70-34,CF 1
42YQZC3,BP00030NULL,D15S,DESKTOPS,WKS064-306AR,ACTIVE,MerloTyres,PIRELLI,,,NAME,ARMADO,TR20 FLEXI 3,CF 2
42ZPZC3,BP00034NULL,3080,DESKTOPS,WKS064-332AR,ACTIVE,MerloTyres,PIRELLI,,,NAME,ARMADO,A70-19,CF 1
42ZXZC3,9E+11,3080,DESKTOPS,WKS064-288AR,ACTIVE,MerloTyres,PIRELLI,,,NAME,ARMADO,3L8C-08,CF 2
434QZC3,9E+11,3080,DESKTOPS,WKS064-305AR,ACTIVE,MerloTyres,PIRELLI,,,NAME,ARMADO,AF690-2,CF 1
434SZC3,BP00035NULL,3080,DESKTOPS,WKS064-331AR,ACTIVE,MerloTyres,PIRELLI,,,NAME,ARMADO,A70-12,CF 1
434WZC3,BP00060NULL,3080,DESKTOPS,WKS064-319AR,ACTIVE,MerloTyres,PIRELLI,,,NAME,ARMADO,3L8AT-11,CF 2
435XZC3,BP00040NULL,3080,DESKTOPS,WKS064-320AR,ACTIVE,MerloTyres,PIRELLI,,,NAME,ARMADO,A70-02,CF 1
436PAC3,BP00050NULL,3080,DESKTOPS,WKS064-277AR,ACTIVE,MerloTyres,PIRELLI,,,NAME,ARMADO,3L8C-05,CF 2
436TZC3,BP00136NULL,D15S,DESKTOPS,WKS064-335AR,ACTIVE,MerloTyres,PIRELLI,,,NAME,GUARDIA TALLER ,VEJIGAS,
436VZC3,BP00036NULL,3080,DESKTOPS,WKS064-328AR,ACTIVE,MerloTyres,PIRELLI,,,NAME,ARMADO,A70-09,CF 1
437PZC3,BP00059NULL,3080,DESKTOPS,WKS064-321AR,ACTIVE,MerloTyres,PIRELLI,,,NAME,ARMADO,3L8AT-10,CF 2
437QZC3,BP00041NULL,3080,DESKTOPS,WKS064-326AR,ACTIVE,MerloTyres,PIRELLI,,,NAME,ARMADO,A70-13,CF 1
438RZC3,BP00002NULL,3080,DESKTOPS,WKS064-380AR,BACKUP,MerloTyres,PIRELLI,10.131.142.106,B0:7B:25:0B:92:E8,IP,RAMIRO SABRIA,,
438SZC3,BP00094NULL,3080,DESKTOPS,WKS064-293AR,ACTIVE,MerloTyres,PIRELLI,,,NAME,ARMADO MOTO,CM20-4,
438TZC3,BP00037NULL,3050,DESKTOPS,WKS064-334AR,ACTIVE,MerloTyres,PIRELLI,,,NAME,ARMADO,A70-29,CF 1
438XZC3,BP00021NULL,3080,DESKTOPS,WKS064-275AR,ACTIVE,MerloTyres,PIRELLI,,,NAME,ARMADO,TRIMEZCLA,
439QZC3,BP00003NULL,D15S,DESKTOPS,WKS064-276AR,ACTIVE,MerloTyres,PIRELLI,172.21.24.152,B0:7B:25:0B92:D6,IP,SEMIELABORADOS,KAMPF 2,
45A072000041,B21,Zebra TLP2844-Z,IMPRESORA,TLP2844-Z-LINER,ACTIVE,MerloTyres,PIRELLI,,,NAME,SEMIELABORADOS,TLP2844-Z-LINER,IMPRESORA
45A072000049,BP00184NULL,Zebra GC420,IMPRESORA,TLP2844-Z-CTEX,ACTIVE,MerloTyres,PIRELLI,,,NAME,SEMIELABORADOS,TLP2844-Z-CTEX,IMPRESORA
45RTJK2,9E+11,Vostro,DESKTOPS,WKS064-27AR,ACTIVE,MerloTyres,PIRELLI,,,NAME,AKRO 4,CONTROL FINAL,
45ZMJK2,9E+11,Vostro,DESKTOPS,WKS064-25AR,ACTIVE,MerloTyres,PIRELLI,,,NAME,CONTROL VISIVO,REPARADO VISIVO,CV
54J140801409,BP00195NULL,Zebra GC420,IMPRESORA,GC420-TAL02,ACTIVE,MerloTyres,PIRELLI,,,NAME,TALONES,GC420-TAL02,IMPRESORA
54J140802645,BP00183NULL,Zebra GC420,IMPRESORA,GC420T-BANDINA,ACTIVE,MerloTyres,PIRELLI,,,NAME,SEMIELABORADOS,GC420T-BANDINA,IMPRESORA
54J140902275,BP00194NULL,Zebra GC420,IMPRESORA,GC420-FPA,ACTIVE,MerloTyres,PIRELLI,,,NAME,TALONES,GC420-FPA,IMPRESORA
54J151400948,BP00182NULL,Zebra GC420,IMPRESORA,GC420T-200+120,ACTIVE,MerloTyres,PIRELLI,,,NAME,SEMIELABORADOS,GC420T-200+120,IMPRESORA
54J151500031,BP00196NULL,Zebra GC420,IMPRESORA,GC420-BERSTOFF,ACTIVE,MerloTyres,PIRELLI,,,,SEMIELABORADOS,GC420-BERSTOFF,IMPRESORA
5A072000047,B6,Zebra TLP2844-Z,IMPRESORA,TLP2844-Z-TRIMEZCLA,ACTIVE,MerloTyres,PIRELLI,,,NAME,TRIMEZCLA,TLP2844-Z,IMPRESORA
8W7RGK2,P901827,3050,DESKTOPS,WKS064-192AR,ACTIVE,MerloTyres,PIRELLI,10.131.142.65,50:9A:4C:54:D4:83,IP,KAREN ELIZABETH MANSILLA,,
9VJWZC3,BP00029NULL,3080,DESKTOPS,WKS064-303AR,ACTIVE,MerloTyres,PIRELLI,,,NAME,ARMADO,TR20 FLEXI 4,CF 2
9VKQZC3,BP00052NULL,3080,DESKTOPS,WKS064-309AR,ACTIVE,MerloTyres,PIRELLI,,,NAME,ARMADO,TR10-1,CF 2
9VVWZC3,BP00022NULL,D15S,DESKTOPS,WKS064-280AR,ACTIVE,MerloTyres,PIRELLI,,,NAME,ARMADO,A70-33,CF 1
9W2PZC3,9E+11,3080,DESKTOPS,WKS064-285AR,ACTIVE,MerloTyres,PIRELLI,,,NAME,ARMADO,A70-27,CF 1
AL6080SB5,P901505,ProDesk,DESKTOPS,7WK064-532AR,BACKUP,MerloTyres,PIRELLI,,,NAME,ARMADO,3L8AT-7,CF 2
C20H000034,BP00112NULL,ET1790L,MONITOR,ELO-A70-13,ACTIVE,MerloTyres,PIRELLI,,,NAME,ARMADO MONITOR ,MONITOR A70-13,CF 1
C20H000047,BP00109NULL,ET1790L,MONITOR,ELOE330225,ACTIVE,MerloTyres,PIRELLI,,,NAME,ARMADO MONITOR,MONITOR A70-23,CF 1
C20H000058,BP00113NULL,ET1790L,MONITOR,ELO-A70-16,ACTIVE,MerloTyres,PIRELLI,,,NAME,ARMADO MONITOR,MONITOR A70-16,CF 1
F17H004901,BP00120NULL,ET1790L,MONITOR,ELO-3L8C6,ACTIVE,MerloTyres,PIRELLI,,,NAME,ARMADO MONITOR,MONITOR 3L8C6,CF 2
F7B55H2,P901794,7480,NOTEBOOKS,WKS064-2AR,ACTIVE,MerloTyres,PIRELLI,10.131.138.143,F8:59:71:60:BE:D6,IP,VALENZUELA LEONARDO,,
G17H010412,BP00118NULL,tl1590l,MONITOR,ELO-FS480-1,ACTIVE,MerloTyres,PIRELLI,,,NAME,ARMADO MONITOR,MONITOR FS480-1,CF 1
G4YDL13,9E+11,5400,NOTEBOOKS,WKS064-162AR,ACTIVE,MerloTyres,PIRELLI,10.131.142.108,34:48:ED:3B:44:E2,IP,PICCOLO AGUSTIN,,
GN2BQH1,BP00149NULL,Compac 6200,DESKTOPS,7WK064-84AR,BACKUP,MerloTyres,PIRELLI,,,NAME,BANBURY,GUARDIA,TALLER PB
HGQKHV2,9E+11,Vostro,DESKTOPS,WKS064-198AR,ACTIVE,MerloTyres,PIRELLI,,,NAME,AKRO-3,CONTROL FINAL,
HPX1C62,P901830,3268,DESKTOPS,WKS064-30AR,ACTIVE,MerloTyres,PIRELLI,10.131.142.51,50:9A:4C:14:8B:C7,IP,SORRENTINI CATALINA INES,,
HQ88ZG2,BP00004NULL,D13S,DESKTOPS,WKS064-29AR,ACTIVE,MerloTyres,PIRELLI,151.10.190.224,,IP,SEMIELABORADOS,KAMPF 1,
HVH5YJ2,BP00013NULL,D15S,DESKTOPS,WKS064-224AR,ACTIVE,MerloTyres,PIRELLI,,,NAME,ARMADO MOTO,MOTO VISIVO,
JOPFF33,BP00010NULL,D15S,DESKTOPS,WKS064-187AR,ACTIVE,MerloTyres,PIRELLI,,,NAME,ARMADO,A70 FLEXI 5,CF 1
JOSGF33,9E+11,D15S,DESKTOPS,WKS064-182AR,ACTIVE,MerloTyres,PIRELLI,,,NAME,ARMADO,A70 FLEXI 3,CF 1
JOTFF33,BP00008NULL,3080,DESKTOPS,WKS064-184AR,ACTIVE,MerloTyres,PIRELLI,,,NAME,ARMADO,A70 FLEXI 1,CF 1
JOTGR33,9E+11,Vostro,DESKTOPS,WKS064-193AR,ACTIVE,MerloTyres,PIRELLI,,,NAME,AKRO 5,CONTROL FINAL,
JOVBF33,BP00009NULL,3080,DESKTOPS,WKS064-185AR,ACTIVE,MerloTyres,PIRELLI,,,NAME,ARMADO,A70 FLEXI 2,CF 1
JOXBR33,9E+11,Vostro,DESKTOPS,WKS064-186AR,ACTIVE,MerloTyres,PIRELLI,,,NAME,ARMADO,A70-26,CF 1
JOYBF33,BP00007NULL,D15S,DESKTOPS,WKS064-183AR,ACTIVE,MerloTyres,PIRELLI,,,NAME,ARMADO,A70 FLEXI 4,CF 1
JOYGF33,9E+11,Vostro,DESKTOPS,WKS064-189AR,ACTIVE,MerloTyres,PIRELLI,,,NAME,SEMIELABORADOS,200+120,
JOZFF33,BP00012NULL,D15S,DESKTOPS,WKS064-197AR,ACTIVE,MerloTyres,PIRELLI,,,NAME,ARMADO,3L8C-03,CF 2
MX0480WBL,23393,HP Compac 6000 Pro  ,DESKTOPS,7WK064-405AR,ACTIVE,MerloTyres,PIRELLI,,,NAME,SEMIELABORADOS,TPCS,
MXL2341QYL,BP00097NULL,Compac 6200,DESKTOPS,7WK064-236AR,ACTIVE,MerloTyres,PIRELLI,,,NAME,VULCANIZADO,GALERIA 2,
MXL2341QZX,BP00177NULL,HP Compac 6000 Pro  ,DESKTOPS,7WK064-26AR,ACTIVE,MerloTyres,PIRELLI,,,NAME,BAMBURY,GUARDIA 2 BAMBURY,
MXL2451YG7,P901283,HP Compac 6000 Pro  ,DESKTOPS,7WK064-215AR,ACTIVE,MerloTyres,PIRELLI,,,NAME,COMPUESTOS,BALANZA MANUAL 3,
MXL42312HS,P901468,ProDesk,DESKTOPS,WKS064-218AR,MAINTENANCE,MerloTyres,PIRELLI,,,NAME,TALONES,APEX 10,
MXL4231C47,P901476,ProDesk,DESKTOPS,WKS064-413AR,ACTIVE,MerloTyres,PIRELLI,151.10.190.155,,NAME,COMPUESTOS,RECICLADO,
MXL4321QH8,BP00071NULL,EliteDesk 800 G1,DESKTOPS,WKS064-223AR,ACTIVE,MerloTyres,PIRELLI,,,NAME,TALONES,LANDINI 01,
MXL4321QJ5,P901578,EliteDesk 800 G1,DESKTOPS,WKS064-80AR,ACTIVE,MerloTyres,PIRELLI,,,NAME,TALONES,APEX 10,ANTES ERA APEX 06
MXL4330NZ6,P901561,3080,DESKTOPS,WKS064-219AR,ACTIVE,MerloTyres,PIRELLI,,,NAME,ARMADO,BANDINA TV NUEVA,
MXL4330PDH,BP00090NULL,ProDesk,DESKTOPS,WKS064-222AR,ACTIVE,MerloTyres,PIRELLI,,,NAME,TALONES,APEX 07,
MXL4330PDT,P901573,ProDesk,DESKTOPS,WKS064-265AR,ACTIVE,MerloTyres,PIRELLI,,,NAME,CONTROL FINAL,SEGUNDO CONTROL DE UNIFORMIDAD,
MXL4330PGM,P901574,EliteDesk 800 G1,DESKTOPS,WKS064-230AR,ACTIVE,MerloTyres,PIRELLI,,,NAME,TALONES,LANDINI 02,
MXL5141RH5,P901641,ProDesk,DESKTOPS,WKS064-315AR,ACTIVE,MerloTyres,PIRELLI,,,NAME,CONTROL FINAL,D70-3,
MXL6031F3K,BP00104NULL,ProDesk,DESKTOPS,7WK064-370AR,ACTIVE,MerloTyres,PIRELLI,,,NAME,COMPUESTOS,BALANZA AUTOMATICA,
MXL6080R1Q,P901738,ProDesk,DESKTOPS,7WK064-560AR,ACTIVE,MerloTyres,PIRELLI,151.10.190.59,,NAME,CONTROL VISIVO,CONTROL 2,CV
MXL6080R26,P901522,ProDesk,DESKTOPS,WKS064-391AR,ACTIVE,MerloTyres,PIRELLI,,,NAME,SEMIELABORADOS,BERSTOFF,
MXL6080R28,P901521,ProDesk,DESKTOPS,WKS064-316AR,ACTIVE,MerloTyres,PIRELLI,,,NAME,CONTROL FINAL,D70-1,
MXL6080R2G,P901728,ProDesk,DESKTOPS,WKS064-424AR,ACTIVE,MerloTyres,PIRELLI,,,NAME,ARMADO,3L8AT-07,CF2
MXL6080R2J,BP00108NULL,ProDesk,DESKTOPS,WKS064-392AR,ACTIVE,MerloTyres,PIRELLI,172.21.24.86,,IP,VULCANIZADO,GUARDIA 1,VZ
MXL6080R2Q,P901730,ProDesk,DESKTOPS,WKS064-352AR,BACKUP,MerloTyres,PIRELLI,10.131142.126,,NAME,TALLER,SOPORTE TECNICO,
MXL6080SBO,P901516,ProDesk,DESKTOPS,WKS064-104AR,ACTIVE,MerloTyres,PIRELLI,,,NAME,SEMIELABORADOS,FISCHER,
MXL80726XW,P901515,ProDesk,DESKTOPS,WKS064-229AR,ACTIVE,MerloTyres,PIRELLI,151.10.191.58,,NAME,CONTROL VISIVO,CONTROL 3,CV
MXL8474RH7,P901643,ProDesk,DESKTOPS,WKS064-395AR,ACTIVE,MerloTyres,PIRELLI,,,NAME,CONTROL VISIVO,AUDITORIA 1ER CONTROL,CV
SN00001NULL,BP00001NULL,7480,NOTEBOOKS,WKS064-351AR,ACTIVE,MerloTyres,PIRELLI,,,NAME,PEPE,,
SN00002NULL,BP00025NULL,3080,DESKTOPS,WKS064-188AR,ACTIVE,MerloTyres,PIRELLI,,,NAME,ARMADO,A70-24,CF 1
SN00003NULL,BP00061NULL,PPC-5150AA,PANEL,7WK064-563AR,ACTIVE,MerloTyres,PIRELLI,151.10.190.98,,NAME,SEMIELABORADOS,200+120,
SN00004NULL,P901642,ProDesk,DESKTOPS,WKS064-396AR,ACTIVE,MerloTyres,PIRELLI,10.131.142.45,,NAME,SEMIELABORADOS,6+6,
SN00005NULL,BP00062NULL,PPC-5150AA,PANEL,7WK064-295AR,ACTIVE,MerloTyres,PIRELLI,172.21.24.46,,IP,SEMIELABORADOS,TRIPUS,
SN00012NULL,BP00069NULL,ProDesk,DESKTOPS,WKS064-216AR,ACTIVE,MerloTyres,PIRELLI,,,NAME,ARMADO,BIMZ,
SN00013NULL,BP00070NULL,ProDesk,DESKTOPS,WKS064-400AR,ACTIVE,MerloTyres,PIRELLI,,,NAME,TALONES,LANDINI 03,
SN00017NULL,BP00075NULL,3080,DESKTOPS,WKS064-190AR,ACTIVE,MerloTyres,PIRELLI,,,NAME,ARMADO,A70-01,CF 1
SN00018NULL,BP00076NULL,3080,DESKTOPS,WKS064-177AR,ACTIVE,MerloTyres,PIRELLI,,,NAME,ARMADO,A70-11,CF 1
SN00019NULL,BP00077NULL,3080,DESKTOPS,WKS064-289AR,ACTIVE,MerloTyres,PIRELLI,,,NAME,ARMADO,TR20-3,CF 2
SN00020NULL,BP00078NULL,3080,DESKTOPS,WKS064-401AR,ACTIVE,MerloTyres,PIRELLI,,,NAME,ARMADO,TAP 6,
SN00021NULL,BP00079NULL,ProDesk,DESKTOPS,7WK064-91AR,BACKUP,MerloTyres,PIRELLI,,,NAME,ARMADO,TALONES,
SN00022NULL,BP00081NULL,PPC-5150AA,PANEL,7WK064-198AR,ACTIVE,MerloTyres,PIRELLI,,,NAME,ARMADO,3L8AT-09,CF 2
SN00023NULL,BP00082NULL,3080,DESKTOPS,WKS064-268AR,ACTIVE,MerloTyres,PIRELLI,,,NAME,ARMADO,A70-06,CF 2
SN00024NULL,BP00083NULL,PPC-5150AA,PANEL,7WK064-170AR,BACKUP,MerloTyres,PIRELLI,,,NAME,ARMADO,3L8AT-05,CF 2
SN00025NULL,P901128,PPC-5150AA,PANEL,7WK064-173AR,ACTIVE,MerloTyres,PIRELLI,,,NAME,ARMADO,A70-28,CF 1
SN00026NULL,BP00084NULL,PPC-5150AA,PANEL,7WK064-227AR,ACTIVE,MerloTyres,PIRELLI,,,NAME,ARMADO,A70-14,CF 1
SN00027NULL,P901189,ProDesk,DESKTOPS,7WK064-333AR,ACTIVE,MerloTyres,PIRELLI,151.10.190.87,,NAME,ARMADO,RECOLECCION,
SN00028NULL,BP00085NULL,3080,DESKTOPS,WKS064-282AR,BACKUP,MerloTyres,PIRELLI,,,NAME,ARMADO,TR20 FLEXI 1,CF 2
SN00029NULL,BP00086NULL,ProDesk,DESKTOPS,WKS064-79AR,ACTIVE,MerloTyres,PIRELLI,,,NAME,SEMIELABORADOS,LISTINO,
SN00030NULL,BP00087NULL,ProDesk,DESKTOPS,7WK064-476AR,ACTIVE,MerloTyres,PIRELLI,,,NAME,SEMIELABORADOS,TTM 03,
SN00031NULL,BP00088NULL,ProDesk,DESKTOPS,7WK064-474AR,ACTIVE,MerloTyres,PIRELLI,,,NAME,SEMIELABORADOS,TTM 04,
SN00032NULL,BP00089NULL,ProDesk,DESKTOPS,7WK064-475AR,ACTIVE,MerloTyres,PIRELLI,,,NAME,SEMIELABORADOS,TTM 02,
SN00033NULL,P901598,tl1590l,MONITOR,ELO-P901598,ACTIVE,MerloTyres,PIRELLI,,,NAME,MONITOR,APEX11,
SN00034NULL,P901600,tl1590l,MONITOR,ELOP901600,ACTIVE,MerloTyres,PIRELLI,,,NAME,MONITOR,KAMPF 2,
SN00035NULL,BP00092NULL,ProDesk,DESKTOPS,WKS064-217AR,ACTIVE,MerloTyres,PIRELLI,,,NAME,TALONES,APEX 11,
SN00036NULL,P901056,PPC-5150AA,PANEL,7WK064-423AR,ACTIVE,MerloTyres,PIRELLI,,,NAME,ARMADO MOTO,CABINA DE PINTADO,
SN00037NULL,BP00095NULL,3080,DESKTOPS,WKS064-301AR,ACTIVE,MerloTyres,PIRELLI,,,NAME,ARMADO MOTO,CM2-01,
SN00038NULL,BP00096NULL,PPC-5150AA,PANEL,7WK064-138AR,ACTIVE,MerloTyres,PIRELLI,,,NAME,VULCANIZADO,GALERIA 1,
SN00039NULL,BP00098NULL,PPC-5150AA,PANEL,7WK064-294AR,ACTIVE,MerloTyres,PIRELLI,,,NAME,VULCANIZADO,GALERIA 3,
SN00040NULL,BP00099NULL,PPC-5150AA,PANEL,7WK064-169AR,ACTIVE,MerloTyres,PIRELLI,,,NAME,VULCANIZADO,GALERIA 4,
SN00041NULL,BP00100NULL,PPC-5150AA,PANEL,7WK064-581AR,ACTIVE,MerloTyres,PIRELLI,,,NAME,VULCANIZADO,GALERIA 5,
SN00042NULL,BP00101NULL,ProDesk,DESKTOPS,WKS064-169AR,ACTIVE,MerloTyres,PIRELLI,,,NAME,TALONES,APEX 14,
SN00043NULL,BP00102NULL,ProDesk,DESKTOPS,7WK064-115AR,ACTIVE,MerloTyres,PIRELLI,,,NAME,BANBURY,GESTORES BY,
SN00044NULL,BP00103NULL,ProDesk,DESKTOPS,7WK064-514AR,ACTIVE,MerloTyres,PIRELLI,,,NAME,BANBURY,BY2,
SN00046NULL,BP00106NULL,PPC-5150AA,PANEL,7WK064-349AR,ACTIVE,MerloTyres,PIRELLI,,,NAME,COMPUESTOS,BALANZA MANUAL 2,
SN00047NULL,P901120,PPC-5150AA,PANEL,7WK064-139AR,ACTIVE,MerloTyres,PIRELLI,,,NAME,COMPUESTOS,BALANZA MANUAL 1,
SN00048NULL,BP00107NULL,ProDesk,DESKTOPS,7WK064-51AR,ACTIVE,MerloTyres,PIRELLI,,,NAME,VULCANIZADO,GUARDIA 2,
SN00049NULL,P901360,IDS-3115ER,MONITOR,ADVANTECHP901360,ACTIVE,MerloTyres,PIRELLI,,,NAME,ARMADO MONITOR,MONITOR 3L8C-8,
SN00050NULL,BP00110NULL,ET1790L,MONITOR,ELO-A70-2,ACTIVE,MerloTyres,PIRELLI,,,NAME,ARMADO MONITOR,MONITOR A70-2,
SN00051NULL,BP00111NULL,IDS-3115ER,MONITOR,ADVANTECH-A70-9,ACTIVE,MerloTyres,PIRELLI,,,NAME,ARMADO MONITOR,MONITOR A70-9,CF 1
SN00052NULL,BP00114NULL,ET1790L,MONITOR,ELO-A70-27,ACTIVE,MerloTyres,PIRELLI,,,NAME,ARMADO MONITOR,MONITOR A70-27,CF 1
SN00053NULL,BP00115NULL,ET1537L,MONITOR,ELO-A70-29,ACTIVE,MerloTyres,PIRELLI,,,NAME,ARMADO MONITOR,MONITOR A70-29,
SN00054NULL,P901367,IDS-3115ER,MONITOR,ADVANTECH-A70-19,ACTIVE,MerloTyres,PIRELLI,,,NAME,ARMADO MONITOR,MONITOR A70-19,CF 1
SN00055NULL,BP00116NULL,ET1790L,MONITOR,ELO-A70-25,ACTIVE,MerloTyres,PIRELLI,,,NAME,ARMADO MONITOR,MONITOR A70-25,CF 1
SN00056NULL,P901583,ET1537L,MONITOR,ELO-TR20-3,ACTIVE,MerloTyres,PIRELLI,,,NAME,ARMADO MONITOR,MONITOR TR20-3,CF 2
SN00057NULL,BP00119NULL,IDS-3115ER,MONITOR,ADVANTECH-FS6501,ACTIVE,MerloTyres,PIRELLI,,,NAME,ARMADO MONITOR,MONITOR FS6501,
SN00058NULL,BP00121NULL,ProDesk,DESKTOPS,WKS064-61AR,ACTIVE,MerloTyres,PIRELLI,,,NAME,TALONES,FPA,CF 1
SN00059NULL,BP00122NULL,IDS-3115ER,MONITOR,ADVANTECH-FPA,ACTIVE,MerloTyres,PIRELLI,,,NAME,TALONES MONITOR,MONITOR FPA,CF 1
SN00060NULL,BP00123NULL,IDS-3115ER,MONITOR,ADVANTECH-3L8C7,ACTIVE,MerloTyres,PIRELLI,,,NAME,ARMADO MONITOR,MONITOR 3L8C7,CF 2
SN00061NULL,BP00124NULL,ProDesk,DESKTOPS,WKS064-393AR,ACTIVE,MerloTyres,PIRELLI,10.131.142.60,8C:EC:4b:5C:92:6C,IP,ARMADO ,GUARDIA CENTRO,
SN00062NULL,BP00125NULL,ProDesk,DESKTOPS,WKS064-354AR,ACTIVE,MerloTyres,PIRELLI,,,NAME,ARMADO,CABINA PINTADO,FONDO
SN00063NULL,BP00126NULL,ProDesk,DESKTOPS,7WK064-54AR,ACTIVE,MerloTyres,PIRELLI,,,NAME,CONTROL FINAL,ASTECS,
SN00064NULL,BP00127NULL,ProDesk,DESKTOPS,7WK064-431AR,ACTIVE,MerloTyres,PIRELLI,,,NAME,SEMIELABORADOS,CALANDRA METALICA 1,CM1
SN00065NULL,BP00128NULL,ProDesk,DESKTOPS,WKS064-206AR,ACTIVE,MerloTyres,PIRELLI,,,NAME,SEMIELABORADOS,CALANDRA METALICA 2,CM2
SN00066NULL,BP00129NULL,PPC-5150AA,PANEL,7WK064-321AR,ACTIVE,MerloTyres,PIRELLI,,,NAME,ARMADO,3L8C-09,CF 2
SN00067NULL,BP00130NULL,ProDesk,DESKTOPS,7WK064-558AR,ACTIVE,MerloTyres,PIRELLI,,,NAME,SEMIELABORADOS,BANDINA TEXTIL,TTT
SN00068NULL,BP00131NULL,ProDesk,DESKTOPS,WKS064-240AR,ACTIVE,MerloTyres,PIRELLI,,,NAME,CONTROL FINAL,AKRODYNE 1,CON FINAL
SN00069NULL,BP00132NULL,3080,DESKTOPS,WKS064-314AR,ACTIVE,MerloTyres,PIRELLI,,,NAME,ARMADO MOTO,TEAM LEADER,TALLER MOTO
SN00070NULL,BP00133NULL,3080,DESKTOPS,WKS064-390AR,ACTIVE,MerloTyres,PIRELLI,,,NAME,TALLER MOTO,CALIDAD,PC 2
SN00071NULL,BP00134NULL,HP-LE1815w,MONITOR,HP-MONITOR-390AR,ACTIVE,MerloTyres,PIRELLI,,,NAME,MOTO MONITOR,MONITOR DE WKS064-390AR,
SN00072NULL,BP00135NULL,HP-LE1815w,MONITOR,HP-314AR,ACTIVE,MerloTyres,PIRELLI,,,NAME,MOTO MONITOR,MONITOR DE WKS064-314AR,
SN00073NULL,P900589,PPC-5150AA,PANEL,7WK064-2AR,ACTIVE,MerloTyres,PIRELLI,,,NAME,SEMIELABORADOS,CTEX,CAT
SN00074NULL,BP00137NULL,HP v194,MONITOR,HP-WKS064-415AR,ACTIVE,MerloTyres,PIRELLI,,,NAME,TALLER BANBURY,TALLER 1ER PISO,
SN00075NULL,BP00138NULL,EliteDesk 800 G1,DESKTOPS,WKS064-415AR,ACTIVE,MerloTyres,PIRELLI,,,NAME,TALLER GUARDIA BANBURY,TALLER,
SN00076NULL,BP00139NULL,PPC-5150AA,PANEL,WKS064-200AR,ACTIVE,MerloTyres,PIRELLI,,,NAME,SEMIELABORADOS,TRAFILA,
SN00077NULL,BP00140NULL,ProDesk,DESKTOPS,7WK064-539AR,ACTIVE,MerloTyres,PIRELLI,,,NAME,SEMIELABORADOS,T 6 + 6,
SN00079NULL,BP00142NULL,ProDesk,DESKTOPS,7WK064-182AR,ACTIVE,MerloTyres,PIRELLI,,,NAME,SEMIELABORADOS,TRIPUS,
SN00080NULL,BP00143NULL,Vostro,DESKTOPS,WKS064-28AR,BACKUP,MerloTyres,PIRELLI,,,NAME,CONTROL VISIVO,REPARACION,
SN00081NULL,BP00144NULL,ProDesk,DESKTOPS,7WKS064-229AR,BACKUP,MerloTyres,PIRELLI,,,NAME,COMPUESTOS,BY SERVICES,
SN00082NULL,BP00145NULL,ProDesk,DESKTOPS,WKS064-404AR,ACTIVE,MerloTyres,PIRELLI,,,NAME,TALONES,CORTADORA ,
SN00083NULL,BP00146NULL,HP v194,MONITOR,MONITOR-D702,ACTIVE,MerloTyres,PIRELLI,,,NAME,CONTROL FINAL,MONITOR D70-2,
SN00084NULL,BP00148NULL,ProDesk,DESKTOPS,WKS064-241AR,ACTIVE,MerloTyres,PIRELLI,,,NAME,CONTROL FINAL,D70-2,
SN00085NULL,BP00150NULL,HP v194,MONITOR,MONITOR-7WK064-198AR,ACTIVE,MerloTyres,PIRELLI,,,,BANBURY,MONITOR PC TALLER BY,
SN00086NULL,BP00151NULL,ProDesk,DESKTOPS,7WK064-119AR,ACTIVE,MerloTyres,PIRELLI,,,NAME,BANBURY P1,BANBURY 3,1 PISO 
SN00087NULL,BP00152NULL,ProDesk,DESKTOPS,WK063-156AR,ACTIVE,MerloTyres,PIRELLI,,,NAME,BANBURY 3,PLC,1 PISO
SN00088NULL,BP00153NULL,PPC-5150AA,PANEL,7WK064-195AR,ACTIVE,MerloTyres,PIRELLI,,,NAME,BANBURY,PC BANBURY 1,1 PISO
SN00089NULL,BP00154NULL,PPC-5150AA,PANEL,7WK064-229AR,ACTIVE,MerloTyres,PIRELLI,,,NAME,BANBURY,PC BANBURY 2,1 PISO
SN00090NULL,BP00155NULL,D15S,DESKTOPS,WKS064-406AR,ACTIVE,MerloTyres,PIRELLI,,,NAME,ARMADO,A70-25,CF 1
SN00092NULL,BP00157NULL,ProDesk,DESKTOPS,WKS064-410AR,ACTIVE,MerloTyres,PIRELLI,,,NAME,CONTROL FINAL,REPARADO,VISIVO 5
SN00093NULL,BP00158NULL,ProDesk,DESKTOPS,WKS064-302AR,ACTIVE,MerloTyres,PIRELLI,,,NAME,ARMADO,MONITOREO ARMADO,
SN00094NULL,BP00159NULL,ProDesk,DESKTOPS,WKS064-12AR,ACTIVE,MerloTyres,PIRELLI,,,NAME,CONTROL FINAL,SUPER CONTROL,
SN00095NULL,BP00160NULL,ET1537L,MONITOR,MONITOR-WKS064-12AR,ACTIVE,MerloTyres,PIRELLI,,,,CONTROL FINAL,MONITOR SUPER CONTROL,
SN00096NULL,BP00161NULL,HP v194,MONITOR,MONITOR-D70-3,ACTIVE,MerloTyres,PIRELLI,,,,CONTROL FINAL,MONITOR-D70-3,
SN00097NULL,BP00162NULL,PPC-5150AA,PANEL,7WK064-157AR,ACTIVE,MerloTyres,PIRELLI,,,NAME,ARMADO,3L8-AT05 REEMPLAZO,
SN00098NULL,BP00163NULL,ProDesk,DESKTOPS,7WK064-338AR,ACTIVE,MerloTyres,PIRELLI,,,NAME,CONTROL FINAL,GUARDIA,
SN00099NULL,BP00164NULL,ProDesk,DESKTOPS,WKS064-432AR,ACTIVE,MerloTyres,PIRELLI,,,NAME,TALONES,APEX 08 432AR,
SN00101NULL,BP00166NULL,Vostro,DESKTOPS,WKS064-PRUEBAMANTENIMIENTO,MAINTENANCE,MerloTyres,PIRELLI,,,IP,PRUEBA DE MANTENIMIENTO,,
SN00103NULL,BP00168NULL,HP v194,MONITOR,WKS064-PRUEBA-BORROW,BORROWED,MerloTyres,PIRELLI,,,IP,PRUEBA-BORROW,,
SN00104NULL,BP00169NULL,ProDesk,DESKTOPS,WKS064-433AR,ACTIVE,MerloTyres,PIRELLI,,,NAME,SEMIELABORADOS,TPCS BALANZA,
SN00105NULL,BP00170NULL,D13S,DESKTOPS,WKS064-82AR,ACTIVE,MerloTyres,PIRELLI,,,NAME,ARMADO,GUARDIA 2,
SN00106NULL,BP00171NULL,ProDesk,DESKTOPS,7WK064-478AR,ACTIVE,MerloTyres,PIRELLI,,,NAME,CONTROL FINAL,SERVIDOR CALIDAD,
SN00107NULL,BP00172NULL,ProDesk,DESKTOPS,WKS064-16AR,ACTIVE,MerloTyres,PIRELLI,,,NAME,CONTROL FINAL,ISLA MARCACIï¿½N,
SN00108NULL,BP00173NULL,ProDesk,DESKTOPS,7WK064-256AR,ACTIVE,MerloTyres,PIRELLI,,,NAME,SEMIELABORADOS,TALLER SEMIELABORADOS,
SN00109NULL,BP00174NULL,ProDesk,DESKTOPS,WKS064-405AR,ACTIVE,MerloTyres,PIRELLI,,,NAME,TALONES,APEXS 06,
SN00110NULL,BP00175NULL,ProDesk,DESKTOPS,WKS064-408AR,ACTIVE,MerloTyres,PIRELLI,,,NAME,ARMADO,A70-33 REEMPLAZO,
SN00111NULL,BP00176NULL,ProDesk,DESKTOPS,WKS064-257AR,BACKUP,MerloTyres,PIRELLI,,,NAME,COMPUESTOS,GUARDIA COMP 1 REEMPLAZO,
SN00112NULL,BP00178NULL,ProDesk,DESKTOPS,7WK064-89AR,MAINTENANCE,MerloTyres,PIRELLI,,,NAME,CONTROL VISIVO,BALAZA,SUPLENTE
SN00113NULL,BP00179NULL,ProDesk,DESKTOPS,7WK064-451AR,MAINTENANCE,MerloTyres,PIRELLI,,,NAME,CONTROL VISIVO,BALANZA,TITULAR
SN00114NULL,BP00180NULL,ProDesk,DESKTOPS,WKS064-402AR,MAINTENANCE,MerloTyres,PIRELLI,,,NAME,ARMADO,TR10-3,CF2
SN00115NULL,BP00181NULL,D13S,DESKTOPS,7WK064-303AR,ACTIVE,MerloTyres,PIRELLI,,,NAME,SEMIELABORADOS,CAPITANO,
SN00116NULL,P901612,Zebra GC420,IMPRESORA,GC420-6+6,ACTIVE,MerloTyres,PIRELLI,,,NAME,6+6,GC420-6+6,IMPRESORA
SN00117NULL,P901619,ZEBRA GK420t,IMPRESORA,GK420T-BIMZ,ACTIVE,MerloTyres,PIRELLI,,,NAME,TALONES,GK420T-BIMZ,IMPRESORA
SN00118NULL,BP00198NULL,PPC-5150AA,PANEL,7WK064-122AR,ACTIVE,MerloTyres,PIRELLI,,,NAME,COMPUESTOS,BANBURY4,BY
SN00119NULL,BP00199NULL,Vostro,DESKTOPS,WKS064-18AR,ACTIVE,MerloTyres,PIRELLI,,,NAME,COMPUESTOS,BY4 PCL,
SN00120NULL,BP00200NULL,ProDesk,DESKTOPS,WKS064-90AR,ACTIVE,MerloTyres,PIRELLI,,,NAME,TALONES,GESTORES,
SN00121NULL,N13,ZEBRA GK420t,IMPRESORA,GK420T-D70-2F,BACKUP,MerloTyres,PIRELLI,,,NAME,CONTROL FINAL,GK420T-D70-2F,
SN00122NULL,BP00214NULL,3080,DESKTOPS,WKS064-429AR,ACTIVE,MerloTyres,PIRELLI,,,NAME,CONTROL FINAL,JAULA,
SN00123NULL,BP00215NULL,ProDesk,DESKTOPS,7WK064-451AR,ACTIVE,MerloTyres,PIRELLI,,,NAME,CONTROL VISIVO,BALANZA CONTROL VISIVO,
SN00124NULL,BP00216NULL,ProDesk,DESKTOPS,7WK064-392AR,ACTIVE,MerloTyres,PIRELLI,,,NAME,GUARDIA BY,PC BY,
SN00125NULL,P901509,ProDesk,DESKTOPS,WKS064-451AR,ACTIVE,MerloTyres,PIRELLI,,,NAME,SEMIELABORADOS,CALANDRA METALICA ,2
